GuestID,Guest_Name,Country,Gender,LoyaltyTier
G1001,James Smith,USA,Male,Gold
G1002,Maria Garcia,Spain,Female,Platinum
G1003,Yuki Tanaka,Japan,Male,Silver
G1004,Ahmed Khan,UAE,Male,Gold
G1005,Elena Rossi,Italy,Female,None
G1006,Mateo Rossi,Argentina,Male,Silver
G1007,Amara Okafor,Nigeria,Female,Gold
G1008,Wei Chen,China,Male,Platinum
G1009,Liam Wilson,Australia,Male,Silver
G1010,Sofia Muller,Brazil,Female,Platinum
G1011,Chloe Dubois,France,Female,None
G1012,Hans Schmidt,Germany,Male,Silver
G1013,Isabella Conti,Italy,Female,Gold
G1014,Noah Williams,Canada,Male,Silver
G1015,Zahra Mansour,Egypt,Female,None
G1016,Priya Sharma,India,Female,Gold
G1017,David Miller,UK,Male,Platinum
G1018,Lars Jensen,Denmark,Male,Silver
G1019,Aisha Bello,Nigeria,Female,Gold
G1020,Min-jun Kim,South Korea,Male,None
G1021,Sven Berg,Sweden,Male,Platinum
G1022,Layla Hassan,UAE,Female,Gold
G1023,Tom Wright,UK,Male,Silver
G1024,Ivan Ivanov,Russia,Male,None
G1025,Marie Curie,France,Female,Gold
G1026,Omar Bakri,Jordan,Male,Silver
G1027,Alice Wong,Singapore,Female,Platinum
G1028,Robert Brown,Australia,Male,None
G1029,Fatima Said,Oman,Female,Gold
G1030,Kevin Lee,South Korea,Male,Silver
G1031,Sarah Jones,USA,Female,Platinum
G1032,Carlos Diaz,Mexico,Male,None
G1033,Yara Salim,Lebanon,Female,Silver
G1034,Igor Volkov,Russia,Male,Gold
G1035,Emma Wilson,UK,Female,Silver
G1036,Tariq Aziz,Pakistan,Male,None
G1037,Chen Lu,China,Female,Platinum
G1038,Jose Santos,Brazil,Male,Gold
G1039,Nina Richter,Germany,Female,Silver
G1040,Ali Reza,Iran,Male,None
G1041,Grace O'Malley,Ireland,Female,Gold
G1042,Kenji Sato,Japan,Male,Platinum
G1043,Mona Al-Farsi,Kuwait,Female,Silver
G1044,Peter Parker,USA,Male,None
G1045,Sita Devi,India,Female,Gold
G1046,Arjun Kapoor,India,Male,Platinum
G1047,Li Wei,China,Male,Silver
G1048,Ana Silva,Portugal,Female,Gold
G1049,Bruno Mars,USA,Male,None
G1050,Hana Lee,South Korea,Female,Platinum
G1051,Saif Ali,UAE,Male,Gold
G1052,Rosa Luna,Spain,Female,Silver
G1053,Jack Sparrow,UK,Male,None
G1054,Laila Amin,Egypt,Female,Gold
G1055,Erik Thor,Norway,Male,Platinum
G1056,Mia Hamm,USA,Female,Silver
G1057,Leo Messi,Argentina,Male,Gold
G1058,Sonia Gandhi,India,Female,None
G1059,Kim Wall,Sweden,Female,Platinum
G1060,Ben Aflek,USA,Male,Silver
G1061,Zoe Saldana,USA,Female,Gold
G1062,Ravi Varma,India,Male,None
G1063,Hina Khan,Pakistan,Female,Silver
G1064,Paul Rudd,UK,Male,Platinum
G1065,Nora Fatehi,Canada,Female,Gold
G1066,Sam Smith,UK,Male,None
G1067,Toni Kroos,Germany,Male,Silver
G1068,Iker Casillas,Spain,Male,Platinum
G1069,Gigi Hadid,USA,Female,Gold
G1070,Zayn Malik,UK,Male,None
G1071,Dua Lipa,UK,Female,Silver
G1072,Will Smith,USA,Male,Gold
G1073,Adele Blue,UK,Female,Platinum
G1074,Tom Cruise,USA,Male,None
G1075,Salma Hayek,Mexico,Female,Gold
G1076,Brad Pitt,USA,Male,Silver
G1077,Angelina Jolie,USA,Female,Platinum
G1078,Chris Evans,USA,Male,None
G1079,Gal Gadot,Israel,Female,Gold
G1080,Chris Hemsworth,Australia,Male,Silver
G1081,Natalie Portman,Israel,Female,Platinum
G1082,Tom Hardy,UK,Male,None
G1083,Scarlett J,USA,Female,Gold
G1084,Robert Downey,USA,Male,Silver
G1085,Meryl Streep,USA,Female,Platinum
G1086,Denzel W,USA,Male,None
G1087,Julia Roberts,USA,Female,Gold
G1088,Keanu Reeves,Canada,Male,Silver
G1089,Sandra Bullock,USA,Female,Platinum
G1090,Johnny Depp,USA,Male,None
G1091,Kate Winslet,UK,Female,Gold
G1092,Leonardo DiC,USA,Male,Silver
G1093,Nicole Kidman,Australia,Female,Platinum
G1094,Hugh Jackman,Australia,Male,None
G1095,Charlize Theron,South Africa,Female,Gold
G1096,Matt Damon,USA,Male,Silver
G1097,Anne Hathaway,USA,Female,Platinum
G1098,Ben Stiller,USA,Male,None
G1099,Emily Blunt,UK,Female,Gold
G1100,Ryan Gosling,Canada,Male,Silver